--Создать таблицу employees
create table employees (
	id serial primary key,
	employee_name Varchar(50) not null
);

-- Наполнить таблицу employee 70 строками.
insert into employees (id, employee_name)
values (1,'Чернова Валерия Олеговна'),
(2,'Демидов Иван Владимирович'),
(3,'Иванов Юрий Павлович'),
(4,'Дмитриев Фёдор Викторович'),
(5,'Александров Кирилл Алексеевич'),
(6,'Фомина Амина Артёмовна'),
(7,'Акимов Андрей Александрович'),
(8,'Быков Михаил Егорович'),
(9,'Поздняков Матвей Егорович'),
(10,'Потапов Даниил Никитич'),
(11,'Ильина Наталья Михайловна'),
(12,'Фомина Виктория Степановна'),
(13,'Родионова Полина Кирилловна'),
(14,'Пименова Дарья Гордеевна'),
(15,'Жукова Амелия Львовна'),
(16,'Степанова Ангелина Тимофеевна'),
(17,'Антонова Полина Вадимовна'),
(18,'Соболева Анастасия Артёмовна'),
(19,'Плотникова Камила Александровна'),
(20,'Власов Михаил Германович'),
(21,'Лукьянова Мария Яковлевна'),
(22,'Винокурова Ясмина Арсентьевна'),
(23,'Антонов Артём Всеволодович'),
(24,'Волкова Полина Михайловна'),
(25,'Кондратова Ника Артёмовна'),
(26,'Чистякова Кристина Данииловна'),
(27,'Царев Ярослав Артёмович'),
(28,'Никитина Василиса Артёмовна'),
(29,'Козлова Елена Яновна'),
(30,'Кондратова Маргарита Кирилловна'),
(31,'Юдина Варвара Максимовна'),
(32,'Тимофеева Диана Максимовна'),
(33,'Родионов Артём Маркович'),
(34,'Егоров Матвей Давидович'),
(35,'Зайцева Юлия Георгиевна'),
(36,'Дмитриев Алексей Егорович'),
(37,'Денисова Василиса Николаевна'),
(38,'Суслов Максим Иванович'),
(39,'Медведев Макар Львович'),
(40,'Игнатов Евгений Егорович'),
(41,'Серебрякова Ульяна Михайловна'),
(42,'Самсонова Лилия Викторовна'),
(43,'Ермолаев Ярослав Станиславович'),
(44,'Грачев Гордей Максимович'),
(45,'Абрамова Полина Данииловна'),
(46,'Мухина Диана Михайловна'),
(47,'Егоров Дамир Михайлович'),
(48,'Куликов Даниил Артёмович'),
(49,'Ильина Дарья Арсентьевна'),
(50,'Иванов Артём Матвеевич'),
(51,'Борисова Карина Александровна'),
(52,'Леонов Андрей Владимирович'),
(53,'Васильев Роман Львович'),
(54,'Вешняков Марк Ярославович'),
(55,'Муравьева Антонина Дмитриевна'),
(56,'Фролова Юлия Максимовна'),
(57,'Воробьева Арина Максимовна'),
(58,'Безрукова Мария Романовна'),
(59,'Зайцев Александр Никитич'),
(60,'Иванов Святослав Даниилович'),
(61,'Софронов Андрей Сергеевич'),
(62,'Кузнецова Александра Михайловна'),
(63,'Ильина Екатерина Каримовна'),
(64,'Елисеев Александр Леонович'),
(65,'Фролов Александр Тимофеевич'),
(66,'Константинова Ксения Марковна'),
(67,'Волошина Есения Дмитриевна'),
(68,'Абрамова Мария Артуровна'),
(69,'Кудрявцев Артемий Михайлович'),
(70,'Петухова Полина Ивановна');



--Создать таблицу salary
create table salary (
	id serial primary key,
	monthly_salary int not null
);

-- Наполнить таблицу salary 15 строками:
insert into salary (id, monthly_salary) 
values 	(1,1000),
		(2,1100),
		(3,1200),
		(4,1300),
		(5,1400),
		(6,1500),
		(7,1600),
		(8,1700),
		(9,1800),
		(10,1900),
		(11,2000),
		(12,2100),
		(13,2200),
		(14,2300),
		(15,2400),
		(16,2500);

--Создать таблицу employee_salary
create table employee_salary (
	id  serial primary key,
	employee_id int not null unique,
	salary_id int not null);

--Наполнить таблицу employee_salary 40 строками:
insert into employee_salary (id, employee_id, salary_id)
values  (1,25,11),
		(2,52,10),
		(3,68,14),
		(4,20,16),
		(5,10,3),
		(6,34,1),
		(7,50,8),
		(8,63,9),
		(9,6,13),
		(10,62,3),
		(11,46,4),
		(12,57,15),
		(13,31,4),
		(14,29,4),
		(15,30,3),
		(16,56,12),
		(17,59,6),
		(18,49,13),
		(19,43,11),
		(20,19,8),
		(21,45,16),
		(22,13,2),
		(23,8,9),
		(24,21,2),
		(25,4,9),
		(26,53,8),
		(27,14,16),
		(28,54,4),
		(29,1,6),
		(30,2,6),
		(31,97,5),
		(32,71,9),
		(33,79,6),
		(34,120,11),
		(35,88,3),
		(36,101,11),
		(37,108,13),
		(38,85,8),
		(39,76,6),
		(40,81,15);

--Создать таблицу roles
create table roles (
	id serial primary key,
	role_name int not null unique
);

-- Поменять тип столба role_name с int на varchar(30)
alter table roles
alter column role_name type varchar(30);

--Наполнить таблицу roles 20 строками:
insert into roles 
values 	(1,'Junior Python developer'),
		(2,'Middle Python developer'),
		(3,'Senior Python developer'),
		(4,'Junior Java developer'),
		(5,'Middle Java developer'),
		(6,'Senior Java developer'),
		(7,'Junior JavaScript developer'),
		(8,'Middle JavaScript developer'),
		(9,'Senior JavaScript developer'),
		(10,'Junior Manual QA engineer'),
		(11,'Middle Manual QA engineer'),
		(12,'Senior Manual QA engineer'),
		(13,'Project Manager'),
		(14,'Designer'),
		(15,'HR'),
		(16,'CEO'),
		(17,'Sales manager'),
		(18,'Junior Automation QA engineer'),
		(19,'Middle Automation QA engineer'),
		(20,'Senior Automation QA engineer');

--Создать таблицу roles_employee
create table roles_employee(
	id serial primary key,
	employee_id int not null unique,
	foreign key (employee_id) references employees(id),
	role_id int not null,
	foreign key (role_id) references roles(id));

--Наполнить таблицу roles_employee 40 строками:
insert into roles_employee (id, employee_id, role_id)
values 	(1,52,20),
		(2,22,20),
		(3,69,6),
		(4,7,7),
		(5,38,15),
		(6,47,2),
		(7,41,6),
		(8,58,10),
		(9,56,19),
		(10,36,10),
		(11,66,14),
		(12,53,17),
		(13,13,15),
		(14,9,14),
		(15,30,16),
		(16,37,16),
		(17,5,8),
		(18,57,13),
		(19,59,10),
		(20,32,8),
		(21,68,10),
		(22,16,13),
		(23,43,11),
		(24,2,11),
		(25,67,14),
		(26,23,12),
		(27,46,17),
		(28,49,7),
		(29,15,7),
		(30,54,5),
		(31,1,17),
		(32,24,1),
		(33,11,1),
		(34,3,8),
		(35,42,11),
		(36,44,14),
		(37,48,15),
		(38,33,14),
		(39,40,17),
		(40,6,2);
